CountryID,Country Name,WEBNAME,Region,World Rank,Region Rank,2021 Score,Property Rights,Judical Effectiveness,Government Integrity,Tax Burden,Govt Spending,Fiscal Health,Business Freedom,Labor Freedom,Monetary Freedom,Trade Freedom,Investment Freedom ,Financial Freedom,Tariff Rate (%),Income Tax Rate (%),Corporate Tax Rate (%),Tax Burden % of GDP,Govt Expenditure % of GDP ,Country,Population (Millions),"GDP (Billions, PPP)",GDP Growth Rate (%),5 Year GDP Growth Rate (%),GDP per Capita (PPP),Unemployment (%),Inflation (%),FDI Inflow (Millions),Public Debt (% of GDP)
1,Afghanistan,Afghanistan,Asia-Pacific,146,33,53.0,30.3,25.7,29.1,91.1,76.1,99.9,53.9,59.9,80.8,68.6,10,10,5.7,20.0,20.0,9.3,28.2,Afghanistan,38.0,$76.60,3.0,2.3,"$2,294.00",11.1,2.3,38.5,7.3
2,Albania,Albania,Europe,66,35,65.2,46.1,22.8,40.6,89.0,74.6,86.6,66.1,51.6,82.0,82.8,70,70,3.6,23.0,15.0,18.6,29.1,Albania,2.9,$39.80,2.2,3.1,"$14,495.00",12.3,1.4,"1,281.3",68.8
3,Algeria,Algeria,Middle East and North Africa,162,13,49.7,34.0,41.6,32.7,67.2,55.4,49.1,63.5,51.3,84.3,57.4,30,30,13.8,35.0,26.0,37.2,38.5,Algeria,43.1,$668.80,0.7,2.1,"$11,820.00",11.7,2.0,"1,381.9",46.3
4,Angola,Angola,Sub-Saharan Africa,140,30,54.2,30.3,22.8,20.4,87.3,86.9,77.9,56.9,59.6,67.5,70.2,30,40,7.4,17.0,30.0,9.2,20.9,Angola,31.8,$200.80,-1.5,-0.9,"$6,930.00",6.9,17.1,"-4,098.5",109.8
5,Argentina,Argentina,Americas,148,26,52.7,46.1,45.7,54.0,70.4,52.8,38.4,59.5,46.3,41.9,62.6,55,60,13.7,35.0,30.0,28.9,39.6,Argentina,44.9,$911.60,-2.2,-0.3,"$22,947.00",9.8,53.5,"6,244.4",88.7
6,Armenia,Armenia,Europe,32,18,71.9,57.3,55.3,45.0,87.1,81.3,84.3,81.9,74.5,76.9,73.8,75,70,5.6,23.0,18.0,20.9,25.0,Armenia,3.0,$33.40,7.6,4.8,"$14,220.00",17.0,1.4,254.5,53.4
7,Australia,Australia,Asia-Pacific,3,3,82.4,81.5,90.0,89.8,62.6,58.1,88.7,87.4,84.1,86.7,89.8,80,90,2.6,45.0,30.0,28.5,37.4,Australia,25.4,"$1,362.10",1.8,2.4,"$53,320.00",5.3,1.6,"36,156.2",45.0
8,Austria,Austria,Europe,25,13,73.9,86.8,83.5,84.8,45.7,29.1,90.0,72.6,68.4,81.7,84.0,90,70,3.0,55.0,25.0,42.2,48.6,Austria,8.9,$476.80,1.6,1.9,"$59,111.00",4.7,1.5,"4,642.6",70.8
9,Azerbaijan,Azerbaijan,Europe,38,23,70.1,67.9,55.8,46.8,88.1,65.2,99.4,80.5,65.9,73.2,68.0,70,60,8.5,25.0,20.0,13.0,34.1,Azerbaijan,10.0,$187.30,2.3,0.4,"$15,001.00",5.5,2.6,"1,503.9",18.0
10,Bahamas,Bahamas,Americas,70,13,64.6,48.1,45.7,47.5,97.1,87.6,72.7,70.4,70.0,77.0,49.0,50,60,18.0,0.0,0.0,17.0,20.3,Bahamas,0.4,$12.80,1.8,0.9,"$37,266.00",10.4,1.3,636.7,63.3
11,Bahrain,Bahrain,Middle East and North Africa,40,4,69.9,71.5,65.8,64.4,100.0,67.1,0.0,76.7,71.4,82.8,83.6,75,80,5.7,0.0,0.0,1.1,33.1,Bahrain,1.6,$76.90,1.8,2.8,"$46,892.00",0.7,1.0,941.8,103.9
12,Bangladesh,Bangladesh,Asia-Pacific,120,25,56.5,38.0,35.4,27.7,84.0,93.8,66.3,55.6,68.8,69.9,63.4,45,30,10.8,30.0,25.0,8.8,14.3,Bangladesh,163.0,$838.60,7.9,7.5,"$4,951.00",4.2,5.7,"1,596.8",35.7
13,Barbados,Barbados,Americas,67,12,65.0,52.7,49.7,50.2,79.3,73.1,79.8,69.7,60.1,77.3,58.4,70,60,13.3,28.5,5.5,35.0,29.9,Barbados,0.3,$5.40,-0.1,0.9,"$16,287.00",10.3,4.1,215.4,119.5
14,Belarus,Belarus,Europe,95,43,61.0,58.6,40.4,39.8,92.9,55.5,96.5,75.9,75.7,70.2,76.0,30,20,4.5,13.0,18.0,14.7,38.5,Belarus,9.5,$195.10,1.2,0.1,"$19,943.00",4.6,5.6,"1,293.1",41.9
15,Belgium,Belgium,Europe,37,22,70.1,84.0,70.2,81.3,46.5,18.4,78.7,80.1,61.1,82.0,84.0,85,70,3.0,50.0,29.0,44.9,52.1,Belgium,11.5,$572.90,1.4,1.7,"$54,545.00",5.6,1.2,"9,706.9",99.0
16,Belize,Belize,Americas,114,21,57.5,41.8,45.7,36.3,78.7,64.7,68.5,60.0,54.2,80.2,55.0,55,50,17.5,25.0,25.0,29.7,34.3,Belize,0.4,$3.40,0.3,1.4,"$7,295.00",6.4,0.6,102.9,96.7
17,Benin,Benin,Sub-Saharan Africa,100,10,59.6,42.5,37.0,32.2,68.4,92.0,86.3,54.6,58.5,83.7,60.4,50,50,12.3,45.0,30.0,15.4,16.4,Benin,11.8,$40.60,6.4,4.8,"$3,424.00",2.2,-0.9,230.2,39.4
18,Bhutan,Bhutan,Asia-Pacific,109,22,58.3,62.6,45.7,55.0,82.2,71.6,70.2,67.3,79.6,74.3,40.8,20,30,22.1,25.0,30.0,16.0,30.7,Bhutan,0.8,$7.90,5.3,5.8,"$12,390.00",2.3,2.6,7.2,110.0
19,Bolivia,Bolivia,Americas,172,30,42.7,18.7,11.0,25.9,85.3,58.4,13.4,58.4,53.4,71.0,61.6,15,40,9.2,13.0,25.0,26.0,37.3,Bolivia,11.5,$93.40,2.8,4.1,"$9,086.00",3.5,1.8,-159.5,57.5
20,Bosnia and Herzegovina,BosniaHerzegovina,Europe,82,40,62.9,44.1,33.7,42.4,93.8,49.5,97.1,48.2,67.8,84.1,69.2,65,60,7.9,10.0,10.0,20.4,41.0,Bosnia and Herzegovina,3.3,$49.70,2.7,3.1,"$15,792.00",18.4,0.7,528.4,38.0
21,Botswana,Botswana,Sub-Saharan Africa,51,3,67.6,58.6,50.8,48.8,87.4,68.2,74.8,68.4,68.2,74.1,77.4,65,70,6.3,25.0,22.0,12.2,32.6,Botswana,2.3,$43.90,3.0,2.6,"$18,503.00",18.2,2.8,260.9,14.5
22,Brazil,Brazil,Americas,143,24,53.4,55.0,45.5,47.5,70.1,56.5,5.3,58.0,50.7,77.8,64.6,60,50,10.2,27.5,34.0,32.9,38.1,Brazil,211.0,"$3,480.60",1.1,-0.6,"$15,259.00",12.1,3.7,"71,989.3",89.5
186,Brunei Darussalam,Brunei ,Asia-Pacific,57,11,66.6,61.1,62.3,47.5,92.3,67.6,20.0,83.6,90.9,74.7,84.6,65,50,0.2,0.0,18.5,20.6,32.9,Brunei Darussalam,0.4,$36.60,3.9,0.5,"$64,673.00",9.1,-0.5,274.6,2.5
23,Bulgaria,Bulgaria,Europe,35,20,70.4,66.2,43.6,46.8,93.9,64.7,99.2,62.9,68.5,85.2,84.0,70,60,3.0,10.0,10.0,20.2,34.3,Bulgaria,7.0,$170.90,3.4,3.6,"$24,561.00",4.3,2.5,"1,222.9",20.4
24,Burkina Faso,BurkinaFaso,Sub-Saharan Africa,124,21,56.5,45.1,36.6,34.5,80.9,81.9,60.8,44.8,52.2,74.7,61.0,65,40,9.5,27.5,28.0,19.3,24.6,Burkina Faso,20.3,$47.30,5.7,5.7,"$2,280.00",6.3,-3.2,208.0,40.0
25,Burma,Burma,Asia-Pacific,135,30,55.2,37.2,19.7,32.7,87.2,87.1,81.9,60.0,64.3,72.5,70.0,30,20,5.0,25.0,25.0,5.9,20.7,Burma,54.0,$357.30,6.5,6.5,"$5,355.00",1.6,8.6,"2,766.0",38.2
26,Burundi,Burundi,Sub-Saharan Africa,161,40,49.9,28.0,32.1,27.0,77.1,79.3,32.2,51.8,67.3,74.7,49.8,50,30,15.1,35.0,30.0,12.9,26.3,Burundi,11.5,$8.70,1.8,-0.1,$783.00,1.4,-0.7,1.0,60.7
27,Cambodia,Cambodia,Asia-Pacific,118,24,57.3,39.9,23.2,17.0,89.1,84.3,98.3,30.9,62.6,75.1,66.6,50,50,9.2,20.0,20.0,17.1,22.9,Cambodia,16.5,$77.00,7.0,7.1,"$4,571.00",0.7,2.4,"3,706.0",28.5
28,Cameroon,Cameroon,Sub-Saharan Africa,144,32,53.4,38.3,27.2,21.0,74.8,89.0,79.9,43.9,49.9,81.2,55.2,30,50,14.9,35.0,33.0,14.4,19.1,Cameroon,25.9,$100.60,3.7,4.3,"$3,804.00",3.4,2.5,781.6,40.9
29,Canada,Canada,Americas,9,1,77.9,84.5,73.3,87.9,76.0,49.8,84.2,81.4,72.4,76.1,88.8,80,80,3.1,33.0,15.0,33.0,40.9,Canada,37.6,"$1,904.40",1.6,1.7,"$51,342.00",5.6,1.9,"50,331.9",88.6
30,Cabo Verde,CaboVerde,Sub-Saharan Africa,77,5,63.8,44.5,47.5,48.7,77.9,70.7,69.7,60.6,55.2,83.3,68.0,80,60,11.0,35.0,24.0,20.1,31.2,Cabo Verde,0.5,$4.30,5.5,4.0,"$7,469.00",12.3,1.1,104.0,124.2
31,Central African Republic,CentralAfricanRepublic,Sub-Saharan Africa,166,44,48.8,23.2,28.2,22.0,65.3,92.2,95.4,23.3,40.9,74.9,45.2,45,30,17.4,50.0,30.0,8.6,16.1,Central African Republic,4.7,$4.20,3.0,4.1,$984.00,3.7,2.7,25.6,47.8
32,Chad,Chad,Sub-Saharan Africa,158,38,50.4,27.7,25.0,21.0,44.6,93.9,96.1,25.3,42.9,76.7,52.0,60,40,14.0,60.0,45.0,13.3,14.2,Chad,15.9,$31.90,3.0,-0.2,"$1,645.00",1.9,-1.0,566.6,44.2
33,Chile,Chile,Americas,19,2,75.2,70.2,68.4,74.5,72.3,80.4,90.4,75.1,62.5,85.5,83.0,70,70,6.0,40.0,27.0,21.1,25.5,Chile,19.0,$495.20,1.1,2.1,"$25,155.00",7.1,2.3,"11,437.4",27.9
34,China,China,Asia-Pacific,107,20,58.4,62.2,71.5,46.4,72.6,67.6,54.8,80.2,64.9,69.8,71.2,20,20,4.4,45.0,25.0,9.4,32.9,China,1397.7,"$27,307.00",6.1,6.7,"$16,785.00",4.3,2.9,"141,225.0",54.4
35,Colombia,Colombia,Americas,49,6,68.1,59.8,36.4,49.7,69.7,69.3,78.9,71.0,77.7,78.1,77.0,80,70,6.5,39.0,32.0,22.0,32.0,Colombia,50.3,$785.80,3.3,2.4,"$15,644.00",9.7,3.5,"14,493.1",52.9
36,Comoros,Comoros,Sub-Saharan Africa,132,25,55.7,34.0,28.2,23.6,63.5,91.6,97.3,48.5,60.4,79.7,66.2,45,30,6.9,30.0,50.0,15.7,16.7,Comoros,0.9,$2.50,1.9,2.9,"$3,209.00",4.3,3.3,7.9,23.8
37,"Congo, Democratic Republic of the Congo",DemcoraticRepublicCongo,Sub-Saharan Africa,165,43,49.0,23.0,18.2,11.5,71.3,96.0,99.5,53.1,40.2,61.7,63.2,30,20,10.9,40.0,35.0,6.6,11.5,"Congo, Democratic Republic of the Congo",86.8,$83.20,4.4,4.6,"$1,143.00",4.2,4.8,"1,478.3",14.7
38,"Congo, Republic of",RepublicCongo,Sub-Saharan Africa,156,37,50.7,32.2,25.7,23.5,80.4,84.0,81.8,36.6,36.6,86.5,56.4,35,30,11.8,30.0,30.0,12.5,23.1,"Congo, Republic of",5.4,$31.20,-0.9,-0.3,"$3,435.00",9.5,2.2,"3,366.1",95.3
39,Costa Rica,CostaRica,Americas,72,14,64.2,64.0,58.1,59.0,79.9,87.7,24.3,66.2,55.5,80.9,75.0,70,50,5.0,25.0,30.0,22.0,20.2,Costa Rica,5.0,$92.10,2.1,3.3,"$20,434.00",11.9,2.1,"2,535.7",73.9
40,Côte d'Ivoire,CoeDivoire,Sub-Saharan Africa,91,7,61.7,42.8,34.9,27.0,77.6,90.4,84.1,60.8,48.9,74.7,73.8,75,50,8.1,36.0,25.0,17.9,17.8,Côte d'Ivoire,25.7,$158.30,6.9,7.4,"$5,455.00",3.3,0.8,"1,008.7",37.8
41,Croatia,Croatia,Europe,79,38,63.6,68.4,41.1,51.4,79.0,35.8,89.6,56.2,43.6,78.7,84.0,75,60,3.0,36.0,18.0,22.0,46.3,Croatia,4.1,$112.60,2.9,2.9,"$29,973.00",6.9,0.8,"1,364.6",72.0
42,Cuba,Cuba,Americas,176,31,28.1,27.7,10.0,48.7,47.1,0.0,14.6,20.0,20.0,64.6,64.2,10,10,7.9,50.0,30.0,43.5,64.6,Cuba,11.3,$159.40,0.5,1.8,"$14,080.00",1.6,5.6,N/A,51.9
43,Cyprus,Cyprus,Europe,33,19,71.4,78.5,57.9,65.0,80.2,52.1,82.0,76.1,60.5,85.0,84.0,75,60,3.0,35.0,12.5,24.5,40.0,Cyprus,1.2,$36.90,3.2,4.4,"$41,254.00",7.3,0.6,"24,248.0",94.9
44,Czech Republic,CzechRepublic,Europe,27,14,73.8,76.2,56.8,64.4,79.1,51.4,98.1,68.8,77.1,79.7,84.0,70,80,3.0,22.0,19.0,35.3,40.2,Czech Republic,10.7,$413.00,2.6,3.5,"$42,576.00",1.9,2.9,"7,576.5",30.8
45,Denmark,Denmark,Europe,10,5,77.8,86.7,86.9,93.4,43.7,23.1,98.2,88.8,73.8,84.5,84.0,90,80,3.0,56.0,22.0,44.9,50.6,Denmark,5.8,$319.50,2.4,2.5,"$59,830.00",4.9,0.7,930.2,30.3
46,Djibouti,Djibouti,Sub-Saharan Africa,126,22,56.2,42.8,28.2,27.9,79.6,80.4,79.4,63.3,49.4,70.4,43.2,60,50,20.9,30.0,25.0,22.7,25.6,Djibouti,1.0,$6.30,7.5,7.1,"$5,748.00",10.3,3.3,181.9,66.5
47,Dominica,Dominica,Americas,147,25,53.0,51.2,66.3,51.0,70.0,7.4,6.1,68.4,67.0,82.4,55.6,70,40,14.7,35.0,25.0,33.9,55.6,Dominica,0.1,$0.80,9.2,0.0,"$12,659.00",N/A,1.6,32.6,83.3
48,Dominican Republic,DominicanRepublic,Americas,88,17,62.1,51.2,28.8,34.6,84.6,91.7,84.4,56.4,58.7,75.3,69.4,70,40,7.8,25.0,27.0,13.8,16.7,Dominican Republic,10.7,$199.40,5.1,6.1,"$19,182.00",5.9,1.8,"3,012.8",53.6
49,Ecuador,Ecuador,Americas,149,27,52.4,39.5,24.7,38.5,77.1,58.5,75.9,50.4,47.9,81.7,59.8,35,40,10.1,35.0,25.0,20.9,37.2,Ecuador,17.4,$203.60,0.1,0.5,"$11,847.00",4.0,0.3,966.2,49.6
50,Egypt,Egypt,Middle East and North Africa,130,11,55.7,51.2,54.0,37.0,86.9,73.1,6.0,62.7,51.4,64.3,67.0,65,50,9.0,22.5,22.5,17.1,29.9,Egypt,100.4,"$1,391.30",5.6,4.7,"$12,251.00",10.8,13.9,"9,010.0",83.8
51,El Salvador,ElSalvador,Americas,94,18,61.0,39.9,33.5,34.2,77.9,81.0,79.6,52.4,52.2,81.0,70.8,70,60,7.1,30.0,30.0,20.2,25.1,El Salvador,6.5,$55.60,2.4,2.4,"$9,140.00",4.1,0.1,662.2,69.0
52,Equatorial Guinea,EquatorialGuinea,Sub-Saharan Africa,163,41,49.2,27.8,15.4,17.0,75.2,90.0,96.1,36.4,34.4,79.4,48.8,40,30,15.6,35.0,35.0,5.9,18.3,Equatorial Guinea,1.4,$28.20,-6.1,-7.1,"$19,327.00",6.4,0.6,452.3,43.9
53,Eritrea,Eritrea,Sub-Saharan Africa,173,45,42.3,24.2,15.4,21.0,74.0,64.3,78.1,17.3,69.6,55.0,69.2,0,20,5.4,30.0,30.0,28.2,34.5,Eritrea,3.5,$6.60,3.8,-1.3,"$1,710.00",5.1,-16.4,67.1,265.8
54,Estonia,Estonia,Europe,8,4,78.2,81.8,80.8,86.4,81.0,54.4,99.6,72.7,57.8,79.7,84.0,90,70,3.0,20.0,20.0,33.2,39.0,Estonia,1.3,$47.80,4.3,3.9,"$38,811.00",5.1,2.3,"3,044.5",8.4
156,Eswatini,Eswatini,Sub-Saharan Africa,137,27,55.1,48.5,46.1,36.4,78.7,64.3,16.4,61.5,69.5,78.2,71.4,50,40,9.3,33.0,27.5,17.0,34.5,Eswatini,1.1,$12.40,1.0,1.8,"$9,048.00",22.1,2.6,130.2,42.5
55,Ethiopia,Ethiopia,Sub-Saharan Africa,151,35,51.7,23.2,33.8,31.5,78.2,91.9,79.6,47.5,57.4,60.6,61.4,35,20,11.8,35.0,30.0,7.5,16.5,Ethiopia,112.1,$243.60,9.0,9.1,"$2,312.00",2.1,15.8,"2,516.2",57.6
56,Fiji,Fiji,Asia-Pacific,87,15,62.2,60.6,40.4,46.8,86.2,71.1,68.4,61.3,77.2,74.9,55.0,55,50,15.0,20.0,20.0,24.2,31.0,Fiji,0.9,$10.60,0.5,3.3,"$14,428.00",4.1,1.9,321.3,48.8
57,Finland,Finland,Europe,17,10,76.1,91.9,82.2,97.2,68.0,14.3,91.4,85.8,50.5,83.3,84.0,85,80,3.0,31.25,20.00,42.7,53.4,Finland,5.5,$265.90,1.0,1.8,"$51,324.00",6.6,1.1,"8,169.9",59.7
58,France,France,Europe,64,34,65.7,82.2,69.2,80.1,50.7,6.3,69.0,80.2,44.8,77.3,84.0,75,70,3.0,45.0,28.0,46.1,55.9,France,67.1,"$3,061.80",1.3,1.5,"$49,435.00",8.4,1.3,"33,964.7",98.5
59,Gabon,Gabon,Sub-Saharan Africa,110,15,58.1,24.2,25.5,36.4,77.7,90.8,93.7,54.7,52.9,84.5,56.8,60,40,14.1,35.0,30.0,10.2,17.5,Gabon,2.2,$39.80,3.4,2.1,"$15,486.00",20.0,2.0,"1,553.1",56.2
60,Gambia,Gambia,Sub-Saharan Africa,104,12,58.8,41.8,44.3,35.2,76.9,84.1,54.5,56.0,67.4,63.2,66.6,65,50,11.7,35.0,31.0,11.1,23.0,Gambia,2.3,$6.40,6.0,4.7,"$2,298.00",9.1,7.1,32.3,76.6
61,Georgia,Georgia,Europe,12,7,77.2,66.9,59.3,64.6,89.1,76.9,94.9,84.9,76.7,76.7,86.0,80,70,2.0,20.0,15.0,21.7,27.8,Georgia,3.7,$47.90,5.1,4.2,"$15,637.00",14.4,4.9,"1,267.7",41.1
62,Germany,Germany,Europe,29,16,72.5,78.8,69.8,81.5,60.4,40.3,92.8,82.4,53.0,77.2,84.0,80,70,3.0,47.5,15.8,38.2,44.6,Germany,83.1,"$4,443.60",0.6,1.7,"$56,052.00",3.0,1.3,"36,358.6",59.8
63,Ghana,Ghana,Sub-Saharan Africa,101,11,59.2,49.3,38.2,32.3,82.8,87.8,31.7,62.9,60.9,71.7,62.4,70,60,11.3,30.0,25.0,14.1,20.2,Ghana,30.4,$204.80,6.1,5.2,"$5,637.00",4.3,7.2,"2,318.8",63.2
64,Greece,Greece,Europe,96,44,60.9,55.5,53.5,53.6,59.9,34.2,80.0,75.8,49.8,80.0,84.0,55,50,3.0,44.0,24.0,38.7,46.8,Greece,10.7,$323.70,1.9,0.9,"$31,399.00",17.2,0.5,"4,631.2",179.2
65,Guatemala,Guatemala,Americas,75,15,64.0,43.2,32.6,30.1,91.8,94.8,92.1,61.5,48.5,77.7,75.6,70,50,4.7,7.0,25.0,12.2,13.2,Guatemala,16.6,$152.80,3.6,3.3,"$8,996.00",2.5,3.7,998.2,34.7
66,Guinea,Guinea,Sub-Saharan Africa,123,20,56.5,32.2,33.4,22.0,69.7,92.5,95.3,47.1,58.6,70.5,66.4,50,40,9.3,40.0,35.0,14.3,15.8,Guinea,12.8,$33.40,5.6,7.4,"$2,670.00",4.3,9.5,44.8,34.5
67,Guinea-Bissau,GuineaBissau,Sub-Saharan Africa,139,29,54.9,39.5,50.8,20.2,88.7,88.7,69.6,37.9,61.0,86.7,55.8,30,30,12.1,20.0,25.0,10.3,19.4,Guinea-Bissau,1.9,$3.70,4.6,4.9,"$2,072.00",2.5,0.2,30.6,65.0
68,Guyana,Guyana,Americas,116,22,57.4,44.9,40.4,38.5,64.6,77.3,69.8,58.2,62.1,81.3,66.8,55,30,6.6,33.3,40.0,28.8,27.5,Guyana,0.8,$7.10,4.7,3.5,"$10,105.00",11.9,2.1,"1,713.3",32.7
69,Haiti,Haiti,Americas,155,28,50.8,12.6,15.1,22.0,80.2,91.3,92.9,33.0,62.1,59.7,65.4,45,30,7.3,30.0,30.0,13.3,17.0,Haiti,11.3,$20.80,-1.2,0.8,"$1,801.00",13.8,17.3,75.0,47.7
70,Honduras,Honduras,Americas,98,19,59.8,45.5,36.0,29.1,82.2,79.3,96.7,48.7,32.0,71.8,71.8,65,60,6.6,25.0,25.0,23.1,26.3,Honduras,9.7,$51.40,2.7,3.8,"$5,965.00",5.4,4.4,498.1,40.6
72,Hungary,Hungary,Europe,55,31,67.2,65.6,52.4,48.7,83.6,35.0,83.3,59.9,64.8,78.8,84.0,80,70,3.0,15.0,9.0,36.6,46.6,Hungary,9.8,$335.80,4.9,4.1,"$33,979.00",3.4,3.4,"5,204.5",66.3
73,Iceland,Iceland,Europe,11,6,77.4,87.0,72.6,90.6,72.4,46.2,97.6,83.6,62.0,79.4,86.8,80,70,1.6,31.8,20.0,36.7,42.4,Iceland,0.4,$20.00,1.9,4.3,"$60,061.00",2.8,3.0,-240.9,34.5
74,India,India,Asia-Pacific,121,26,56.5,59.2,55.9,48.1,78.7,78.5,18.0,76.7,41.3,72.1,69.4,40,40,10.3,30.9,32.4,11.2,26.7,India,1366.4,"$11,043.20",4.2,6.7,"$7,034.00",5.4,4.5,"50,553.0",71.9
75,Indonesia,Indonesia,Asia-Pacific,56,10,66.9,59.4,48.9,39.1,83.7,91.8,90.7,71.3,49.2,79.0,79.2,50,60,5.4,30.0,25.0,10.2,16.5,Indonesia,270.6,"$3,735.60",5.0,5.0,"$12,302.00",4.7,2.8,"23,429.0",30.4
76,Iran,Iran,Middle East and North Africa,168,14,47.2,33.5,28.3,31.8,80.8,90.1,82.8,57.1,50.1,42.1,54.2,5,10,15.4,35.0,25.0,8.4,18.1,Iran,82.9,"$1,491.50",-7.6,0.3,"$12,912.00",11.4,41.1,"1,508.0",29.7
77,Iraq,Iraq,Middle East and North Africa,N/A,N/A,N/A,44.8,11.0,22.0,N/A,65.3,94.7,51.7,45.6,77.0,N/A,N/A,N/A,N/A,15.0,15.0,2.0,34.0,Iraq,39.3,$708.30,3.9,3.7,"$11,332.00",12.8,-0.2,"-3,075.6",51.4
78,Ireland,Ireland,Europe,5,2,81.4,86.0,72.4,82.0,76.6,81.1,93.1,81.5,76.1,84.4,84.0,90,70,3.0,41.0,12.5,22.3,25.1,Ireland,4.9,$417.90,5.5,10.2,"$88,241.00",4.9,0.9,"78,234.1",58.6
79,Israel,Israel,Middle East and North Africa,26,2,73.8,83.6,79.8,76.8,60.0,53.8,79.2,73.9,65.1,84.4,84.2,75,70,2.9,50.0,23.0,31.1,39.2,Israel,9.1,$354.90,3.5,3.4,"$42,194.00",3.9,0.8,"18,224.2",61.4
80,Italy,Italy,Europe,68,36,64.9,75.7,62.3,63.7,58.1,28.9,73.0,68.1,50.5,84.2,84.0,80,50,3.0,43.0,24.0,42.1,48.7,Italy,60.3,"$2,454.80",0.3,1.0,"$44,197.00",9.9,0.6,"26,569.5",134.8
81,Jamaica,Jamaica,Americas,45,5,69.0,60.6,55.1,47.7,79.7,74.4,83.1,77.6,73.4,77.5,69.2,80,50,10.4,25.0,25.0,27.9,29.2,Jamaica,2.9,$27.90,1.0,1.2,"$10,166.00",8.0,3.9,665.4,91.9
82,Japan,Japan,Asia-Pacific,23,6,74.1,87.8,75.5,82.0,67.8,57.8,67.5,85.9,79.0,85.1,80.4,60,60,2.3,40.8,23.9,31.4,37.5,Japan,126.3,"$5,711.90",0.7,1.0,"$43,236.00",2.3,0.5,"14,552.4",237.4
83,Jordan,Jordan,Middle East and North Africa,69,6,64.6,66.2,60.3,51.0,84.7,73.3,45.5,58.9,52.8,82.0,71.0,70,60,9.5,30.0,20.0,15.1,29.8,Jordan,10.1,$96.30,2.0,2.1,"$10,317.00",14.7,0.3,915.8,93.2
84,Kazakhstan,Kazakhstan,Asia-Pacific,34,8,71.1,60.2,62.8,44.6,93.6,86.7,98.3,76.2,86.2,70.0,74.6,50,50,5.2,10.0,20.0,11.7,21.1,Kazakhstan,18.5,$541.00,4.5,3.0,"$27,444.00",4.6,5.2,"3,118.1",20.2
85,Kenya,Kenya,Sub-Saharan Africa,138,28,54.9,60.4,41.5,29.5,78.7,80.2,12.6,56.7,57.1,75.4,62.2,55,50,11.4,30.0,30.0,18.2,25.7,Kenya,52.6,$191.20,5.6,5.7,"$4,509.00",2.6,5.2,"1,332.4",60.8
86,Kiribati,Kiribati,Asia-Pacific,171,39,44.4,44.8,33.1,27.9,70.7,0.0,98.9,32.0,63.9,82.5,23.8,25,30,28.1,35.0,35.0,22.0,119.3,Kiribati,0.1,$0.30,2.3,4.2,"$2,369.00",N/A,-1.9,0.5,23.0
87,"Korea, North ",NorthKorea,Asia-Pacific,178,40,5.2,27.7,5.0,20.2,0.0,0.0,0.0,5.0,5.0,0.0,0.0,0,0,N/A,N/A,N/A,N/A,N/A,"Korea, North ",25.7,$40.00,2.3,-0.5,"$1,700.00",25.6,N/A,25.8,N/A
88,"Korea, South",SouthKorea,Asia-Pacific,24,7,74.0,80.7,63.4,68.9,63.0,86.9,96.7,89.5,55.8,84.4,79.0,60,60,8.0,42.0,25.0,28.4,20.9,"Korea, South",51.7,"$2,320.50",2.0,2.7,"$43,029.00",4.2,0.4,"10,565.6",40.7
185,Kosovo,Kosovo,Europe,58,32,66.5,54.5,55.9,46.4,92.6,75.0,90.5,71.2,64.4,75.7,77.2,65,30,3.9,10.0,10.0,23.3,28.9,Kosovo,1.8,$22.10,4.0,4.0,"$11,839.00",25.9,2.7,304.225998567079,17.5
89,Kuwait,Kuwait,Middle East and North Africa,74,8,64.1,57.4,52.6,47.5,97.7,21.4,99.7,66.0,62.2,73.6,75.8,55,60,4.6,0.0,15.0,1.4,51.2,Kuwait,4.2,$308.70,0.7,0.2,"$51,912.00",2.2,1.1,104.4,11.6
90,Kyrgyz Republic,KyrgyzRepublic,Asia-Pacific,78,13,63.7,46.0,23.3,33.7,94.8,63.8,90.6,72.6,79.5,77.5,72.8,60,50,6.1,10.0,10.0,18.0,34.8,Kyrgyz Republic,6.5,$26.10,4.5,4.2,"$5,471.00",6.3,1.1,208.6,54.1
91,Laos,Laos,Asia-Pacific,141,32,53.9,38.8,37.6,34.5,87.1,86.8,51.1,54.7,59.1,74.5,67.8,35,20,8.6,24.0,24.0,11.5,21.0,Lao P.D.R.,7.2,$57.10,4.7,6.4,"$8,151.00",0.6,3.3,557.2,60.6
92,Latvia,Latvia,Europe,30,17,72.3,74.7,55.9,47.7,76.7,57.6,96.6,76.5,73.8,79.6,84.0,85,60,3.0,31.4,20.0,30.7,37.6,Latvia,1.9,$59.50,2.2,3.1,"$32,204.00",6.5,2.7,789.2,36.8
93,Lebanon,Lebanon,Middle East and North Africa,154,12,51.4,42.3,33.1,27.9,88.5,70.3,0.0,44.3,47.4,78.3,74.4,60,50,5.3,25.0,17.0,15.3,31.5,Lebanon,6.9,$84.30,-6.5,-1.2,"$15,327.00",6.2,2.9,"2,128.3",179.8
94,Lesotho,Lesotho,Sub-Saharan Africa,142,31,53.5,41.6,60.5,32.2,71.5,22.2,67.2,55.3,58.8,75.8,62.2,55,40,11.4,35.0,25.0,31.6,50.9,Lesotho,2.1,$6.90,1.2,1.5,"$2,882.00",23.4,5.2,117.6,54.4
95,Liberia,Liberia,Sub-Saharan Africa,164,42,49.2,29.5,40.4,27.0,85.8,68.3,54.3,48.9,41.4,58.5,60.8,55,20,12.1,25.0,25.0,12.9,32.5,Liberia,4.9,$6.30,-2.5,-0.1,"$1,487.00",2.8,27.0,137.8,46.2
96,Libya,Libya,Middle East and North Africa,N/A,N/A,N/A,16.5,19.7,21.0,N/A,0,19.9,38.4,55.3,69.7,N/A,5,N/A,N/A,10.0,20.0,N/A,94.5,Libya,6.8,$83.50,9.9,14.3,"$15,803.00",N/A,4.6,N/A,5.6
97,Liechtenstein,Liechtenstein,Europe,N/A,N/A,N/A,N/A,N/A,N/A,N/A,N/A,N/A,N/A,N/A,N/A,N/A,85,80,N/A,7.0,12.5,N/A,N/A,Liechtenstein,0.038,N/A,N/A,N/A,N/A,1.7,0.9,N/A,N/A
98,Lithuania,Lithuania,Europe,15,8,76.9,78.9,68.7,74.5,84.6,66.8,97.2,73.1,74.4,80.1,84.0,70,70,3.0,20.0,15.0,30.3,33.3,Lithuania,2.8,$103.00,3.9,3.3,"$38,214.00",6.4,2.2,975.2,37.7
99,Luxembourg,Luxembourg,Europe,18,11,76.0,85.7,77.6,92.5,63.4,46.2,99.0,66.1,45.9,76.5,84.0,95,80,3.0,42.0,17.0,40.1,42.4,Luxembourg,0.6,$68.80,2.3,3.2,"$121,293.00",5.4,1.7,"-11,420.8",22.0
101,North Macedonia,Macedonia,Europe,46,27,68.6,62.6,40.4,41.9,94.9,71.0,87.8,77.8,65.2,78.7,77.4,65,60,6.3,10.0,10.0,17.7,31.1,Macedonia,2.1,$34.70,3.6,2.8,"$17,815.00",17.8,0.8,365.2,48.9
102,Madagascar,Madagascar,Sub-Saharan Africa,112,17,57.7,33.7,25.7,20.2,90.6,93.4,92.9,46.5,44.7,73.7,65.4,55,50,9.8,20.0,20.0,11.9,14.8,Madagascar,27.0,$52.90,4.8,4.1,"$1,714.00",1.8,5.6,227.3,38.4
103,Malawi,Malawi,Sub-Saharan Africa,145,33,53.0,46.1,42.1,26.8,79.0,72.3,25.4,42.1,63.6,70.5,68.2,50,50,8.4,30.0,30.0,17.4,30.4,Malawi,18.6,$25.20,4.5,3.4,"$1,104.00",5.7,9.4,97.9,67.7
104,Malaysia,Malaysia,Asia-Pacific,22,5,74.4,85.1,70.5,53.2,83.8,84.3,79.4,86.7,73.9,83.6,82.4,60,50,3.8,30.0,24.0,12.0,22.8,Malaysia,31.9,"$1,076.40",4.3,4.9,"$29,526.00",3.3,0.7,"7,650.5",57.2
105,Maldives,Maldives,Asia-Pacific,136,31,55.2,44.1,28.2,39.5,96.5,67.0,35.9,77.9,71.2,77.5,59.8,35,30,12.6,0.0,0.0,18.7,33.2,Maldives,0.5,$8.50,5.7,5.7,"$19,698.00",6.1,1.3,564.6,76.8
106,Mali,Mali,Sub-Saharan Africa,133,26,55.6,34.5,21.2,23.6,69.0,85.3,81.3,46.5,53.5,83.7,64.0,65,40,10.5,40.0,35.0,16.7,22.1,Mali,19.7,$47.40,5.1,5.6,"$2,424.00",7.2,-0.6,493.8,40.5
107,Malta,Malta,Europe,36,21,70.2,68.2,57.3,55.0,68.6,60.9,96.3,67.6,61.8,77.1,84.0,85,60,3.0,35.0,35.0,26.2,36.1,Malta,0.5,$23.00,4.4,7.0,"$45,652.00",3.5,1.5,"3,572.7",42.8
108,Mauritania,Mauritania,Sub-Saharan Africa,128,23,56.1,26.0,23.9,21.0,74.3,88.4,93.3,59.1,52.8,80.0,63.8,50,40,8.1,40.0,25.0,18.7,19.7,Mauritania,4.5,$25.50,5.9,3.6,"$5,412.00",9.6,2.3,885.3,57.7
109,Mauritius,Mauritius,Sub-Saharan Africa,13,1,77.0,78.4,73.6,55.0,91.6,78.0,73.5,83.7,74.6,77.4,88.0,80,70,1.0,15.0,15.0,19.8,27.1,Mauritius,1.3,$31.60,3.5,3.7,"$23,942.00",6.7,0.5,472.3,62.5
110,Mexico,Mexico,Americas,65,11,65.5,53.4,35.9,39.8,76.1,79.8,88.7,65.6,58.2,72.1,81.6,75,60,4.2,35.0,30.0,16.1,25.9,Mexico,127.6,"$2,616.30",-0.1,2.1,"$20,411.00",3.4,3.6,"32,921.2",53.4
111,Micronesia,Micronesia,Asia-Pacific,160,36,50.4,16.5,23.3,25.0,88.2,0.0,99.3,56.2,74.4,82.1,74.8,35,30,5.1,10.0,21.0,25.2,64.0,Micronesia,0.1,$0.40,1.2,1.9,"$3,550.00",16.2,1.8,20.2,18.5
112,Moldova,Moldova,Europe,85,41,62.5,60.6,29.9,38.7,94.0,71.0,96.5,66.2,39.2,71.5,76.8,55,50,4.1,12.0,12.0,17.7,31.1,Moldova,2.7,$27.30,3.6,3.3,"$13,574.00",5.5,4.8,588.6,27.3
113,Mongolia,Mongolia,Asia-Pacific,86,14,62.4,48.1,25.9,37.4,89.9,71.5,91.3,61.9,74.4,73.4,74.6,50,50,5.2,10.0,25.0,16.8,30.8,Mongolia,3.2,$46.70,5.1,4.2,"$12,820.00",6.0,7.3,"2,443.3",65.9
114,Montenegro,Montenegro,Europe,80,39,63.4,57.8,56.2,51.0,83.6,35.3,37.2,73.5,78.0,83.4,79.4,75,50,5.3,9.0,9.0,38.4,46.5,Montenegro,0.6,$12.60,3.6,3.9,"$22,989.00",14.9,0.4,452.8,74.8
115,Morocco,Morocco,Middle East and North Africa,81,9,63.3,67.5,51.2,39.9,68.3,73.0,68.5,72.3,33.2,80.3,70.6,65,70,9.7,38.0,31.0,27.6,30.0,Morocco,36.5,$327.30,2.2,3.0,"$7,826.00",9.0,0.0,"1,599.1",65.8
116,Mozambique,Mozambique,Sub-Saharan Africa,153,36,51.6,29.5,26.9,23.8,74.8,71.4,62.3,55.2,42.0,77.1,70.8,35,50,7.1,32.0,32.0,21.6,30.9,Mozambique,30.4,$44.70,2.2,4.0,"$1,334.00",3.2,2.8,"2,211.7",109.0
117,Namibia,Namibia,Sub-Saharan Africa,83,6,62.6,57.1,63.6,47.4,67.5,57.4,53.7,65.6,85.2,77.2,71.2,65,40,6.9,37.0,32.0,29.3,37.7,Namibia,2.5,$26.80,-1.4,0.6,"$10,037.00",20.3,3.7,-17.4,55.9
118,Nepal,Nepal,Asia-Pacific,157,35,50.7,38.1,34.1,33.8,83.2,73.2,61.8,61.5,53.6,71.6,57.6,10,30,13.7,25.0,25.0,20.7,29.9,Nepal,28.6,$94.40,7.1,5.2,"$3,558.00",1.4,4.6,185.0,30.1
119,Netherlands,Netherlands,Europe,16,9,76.8,88.9,72.8,90.6,51.7,47.7,95.3,80.5,60.1,80.4,84.0,90,80,3.0,52.0,25.0,38.8,41.7,Netherlands,17.3,"$1,005.30",1.8,2.3,"$59,687.00",3.2,2.7,"84,215.6",48.3
120,New Zealand,NewZealand,Asia-Pacific,2,2,83.9,91.3,80.5,95.3,70.6,58.1,98.2,89.9,86.3,86.9,90.2,80,80,2.4,33.0,28.0,32.7,37.4,New Zealand,4.9,$208.70,2.2,3.5,"$43,953.00",4.1,1.6,"5,426.6",30.2
121,Nicaragua,Nicaragua,Americas,125,23,56.3,27.8,19.0,24.8,77.1,77.5,91.8,53.1,55.0,70.7,68.4,60,50,5.8,30.0,30.0,22.2,27.4,Nicaragua,6.5,$34.90,-3.9,1.2,"$5,631.00",6.8,5.4,515.2,41.4
122,Niger,Niger,Sub-Saharan Africa,117,19,57.3,38.8,45.7,31.8,77.1,87.1,76.2,52.5,47.4,75.3,61.0,55,40,12.0,35.0,30.0,13.0,20.7,Niger,23.3,$34.70,5.8,5.6,"$1,270.00",0.5,-2.5,592.8,42.0
123,Nigeria,Nigeria,Sub-Saharan Africa,105,13,58.7,36.8,38.7,23.5,84.9,95.3,59.9,60.0,84.4,68.0,68.4,45,40,8.3,24.0,30.0,5.7,12.5,Nigeria,201.0,"$1,215.40",2.2,1.2,"$5,348.00",8.1,11.4,"3,299.1",29.4
124,Norway,Norway,Europe,28,15,73.4,82.4,86.3,95.8,57.1,25.3,96.6,85.5,57.8,75.4,84.0,75,60,3.0,47.8,22.0,39.0,49.9,Norway,5.3,$407.40,1.2,1.6,"$66,832.00",3.4,2.2,"4,298.3",41.3
125,Oman,Oman,Middle East and North Africa,71,7,64.6,68.7,66.3,66.0,97.7,39.2,12.2,79.2,61.0,85.8,73.6,65,60,5.7,0.0,15.0,2.6,45.0,Oman,5.0,$204.80,0.5,2.4,"$29,052.00",2.7,0.1,"3,124.6",62.6
126,Pakistan,Pakistan,Asia-Pacific,152,34,51.7,44.9,40.7,31.2,73.8,86.0,7.4,60.5,41.2,69.7,64.6,60,40,10.2,35.0,35.0,13.0,21.6,Pakistan,216.6,"$1,201.60",3.3,4.5,"$4,885.00",4.5,6.7,"2,218.0",83.5
127,Panama,Panama,Americas,62,10,66.2,54.5,28.1,39.4,85.2,85.2,82.8,72.9,43.7,80.5,77.2,75,70,6.4,25.0,25.0,15.1,22.2,Panama,4.2,$112.00,3.0,4.6,"$32,762.00",3.9,-0.4,"4,835.2",46.8
128,Papua New Guinea,PapuaNewGuinea,Asia-Pacific,103,19,58.9,46.1,50.8,32.7,71.5,88.0,82.0,57.4,70.2,72.1,80.4,25,30,2.3,42.0,30.0,13.6,20.0,Papua New Guinea,8.8,$34.60,5.0,4.3,"$4,569.00",2.5,3.8,334.0,38.4
129,Paraguay,Paraguay,Americas,84,16,62.6,41.6,26.0,32.2,96.2,86.7,91.6,59.6,31.8,73.8,76.4,75,60,6.8,10.0,10.0,13.5,21.1,Paraguay,7.0,$96.30,0.2,3.2,"$13,210.00",4.8,2.8,478.1,23.5
130,Peru,Peru,Americas,50,7,67.7,53.3,28.2,36.3,79.4,86.4,91.5,66.2,63.2,86.1,86.4,75,60,1.8,30.0,29.5,16.9,21.3,Peru,32.5,$476.00,2.2,3.2,"$13,380.00",3.3,2.1,"8,891.9",26.7
131,Philippines,Philippines,Asia-Pacific,73,12,64.1,57.0,34.5,40.6,76.8,87.4,94.3,58.2,57.7,68.7,74.2,60,60,5.4,35.0,30.0,14.0,20.5,Philippines,108.1,"$1,027.20",5.9,6.4,"$9,277.00",2.2,2.5,"4,996.4",38.6
132,Poland,Poland,Europe,41,25,69.7,63.3,48.9,65.0,73.9,48.1,94.6,61.6,66.1,80.8,84.0,80,70,3.0,32.0,19.0,35.0,41.6,Poland,38.0,"$1,287.30",4.1,4.2,"$34,218.00",3.5,2.3,"13,220.5",46.7
133,Portugal,Portugal,Europe,52,29,67.5,74.1,68.5,68.2,60.0,42.4,78.2,75.9,44.1,85.0,84.0,70,60,3.0,48.0,21.0,35.4,43.9,Portugal,10.3,$346.90,2.2,2.4,"$36,471.00",6.3,0.3,"8,234.4",117.6
134,Qatar,Qatar,Middle East and North Africa,31,3,72.0,68.3,58.0,54.0,97.9,69.2,94.5,74.0,65.9,80.7,81.4,60,60,4.3,0.0,0.0,14.7,32.0,Qatar,2.8,$358.90,0.1,1.8,"$96,491.00",0.1,-0.6,"-2,812.6",52.3
135,Romania,Romania,Europe,43,26,69.5,68.8,63.1,54.6,94.3,69.2,78.9,59.7,63.6,77.7,84.0,70,50,3.0,10.0,16.0,14.6,32.1,Romania,19.4,$549.20,4.1,4.9,"$32,297.00",4.0,3.8,"5,971.2",35.2
136,Russia,Russia,Europe,92,42,61.5,54.4,42.4,41.7,93.0,66.1,99.6,84.1,55.4,67.3,74.0,30,30,5.5,13.0,20.0,11.4,33.6,Russia,144.4,"$4,390.00",1.3,0.8,"$29,181.00",4.6,4.5,"31,735.1",14.0
137,Rwanda,Rwanda,Sub-Saharan Africa,47,2,68.3,68.7,75.2,59.1,79.5,78.5,78.0,62.3,77.4,80.2,61.2,60,40,14.4,30.0,30.0,16.0,26.8,Rwanda,12.6,$31.00,10.1,7.9,"$2,318.00",1.0,2.4,420.2,38.6
138,Saint Lucia,SaintLucia,Americas,53,8,67.5,61.5,66.3,44.6,76.9,83.2,86.2,75.7,66.5,83.5,60.6,65,40,12.2,30.0,30.0,22.5,23.7,Saint Lucia,0.2,$2.90,1.7,2.3,"$16,089.00",20.7,0.7,30.6,65.5
139,Saint Vincent and the Grenadines,SaintVincentGrenadines,Americas,59,9,66.3,48.1,66.3,48.7,74.9,71.6,87.6,74.2,74.0,82.6,57.8,70,40,13.6,30.0,30.0,26.7,30.8,Saint Vincent and the Grenadines,0.1,$1.40,0.4,1.4,"$12,983.00",18.9,0.9,113.1,70.5
140,Samoa,Samoa,Asia-Pacific,89,16,61.9,48.5,28.2,32.7,78.9,71.1,95.2,75.5,80.8,80.0,66.4,55,30,9.3,27.0,27.0,25.5,31.0,Samoa,0.2,$1.20,3.5,2.9,"$6,787.00",8.4,2.2,1.0,48.9
141,São Tomé and Príncipe,SaoTomePrincipe,Sub-Saharan Africa,129,24,55.9,36.8,23.3,39.5,88.4,79.7,74.6,62.8,43.2,67.0,65.2,60,30,9.9,20.0,25.0,11.6,26.0,São Tomé and Príncipe,0.2,$0.70,1.3,3.2,"$4,128.00",13.4,8.4,57.4,95.7
142,Saudi Arabia,SaudiArabia,Middle East and North Africa,63,5,66.0,68.7,76.7,53.2,99.1,62.9,31.0,83.5,63.3,82.3,75.8,45,50,4.6,2.5,2.5,8.9,35.2,Saudi Arabia,34.3,"$1,900.90",0.3,1.6,"$48,908.00",5.9,-1.2,"4,562.0",22.8
143,Senegal,Senegal,Sub-Saharan Africa,111,16,58.0,50.3,37.8,43.6,72.4,84.2,72.2,53.5,36.6,79.0,66.4,60,40,9.3,40.0,30.0,16.2,23.0,Senegal,16.3,$64.10,5.3,6.4,"$3,536.00",6.6,1.0,983.3,64.2
144,Serbia,Serbia,Europe,54,30,67.2,57.9,50.6,45.0,92.5,49.6,94.6,71.0,67.3,81.1,77.2,70,50,6.4,10.0,15.0,20.7,41.0,Serbia,6.9,$130.20,4.2,3.1,"$18,989.00",12.7,1.9,"4,280.7",52.0
145,Seychelles,Seychelles,Sub-Saharan Africa,60,4,66.3,65.3,51.6,64.4,76.9,60.9,93.2,67.5,71.3,80.3,79.0,55,30,5.5,15.0,33.0,31.5,36.1,Seychelles,0.1,$3.10,3.9,4.3,"$30,260.00",N/A,1.8,125.5,58.3
146,Sierra Leone,SierraLeone,Sub-Saharan Africa,150,34,51.7,42.3,45.7,30.5,86.7,85.9,39.7,49.6,30.1,65.1,64.6,60,20,12.7,15.0,30.0,14.4,21.7,Sierra Leone,7.8,$13.10,5.1,-0.4,"$1,790.00",4.4,14.8,367.7,60.5
147,Singapore,Singapore,Asia-Pacific,1,1,89.7,97.5,90.8,93.2,90.5,94.1,80.0,93.8,91.5,85.4,95.0,85,80,0.0,22.0,17.0,13.1,14.0,Singapore,5.7,$593.80,0.7,2.9,"$101,376.00",4.1,0.6,"92,080.5",111.8
148,Slovakia,Slovakia,Europe,61,33,66.3,71.5,44.4,48.8,78.4,47.0,93.4,55.6,52.2,74.8,84.0,75,70,3.0,25.0,21.0,33.1,42.0,Slovak Republic,5.5,$198.40,2.3,3.3,"$34,178.00",5.6,2.8,"2,448.7",48.2
149,Slovenia,Slovenia,Europe,48,28,68.3,77.3,56.3,68.2,58.2,42.5,91.1,78.8,61.5,81.9,84.0,70,50,3.0,50.0,19.0,36.4,43.8,Slovenia,2.1,$79.20,2.4,3.3,"$40,657.00",4.2,1.6,909.8,66.8
150,Solomon Islands,SolomonIslands,Asia-Pacific,122,27,56.5,46.1,55.9,35.2,66.3,55.3,92.2,58.9,73.8,80.6,68.6,15,30,8.2,40.0,30.0,29.5,38.6,Solomon Islands,0.7,$1.50,1.2,2.9,"$2,466.00",0.6,2.2,30.1,12.2
184,Somalia,Somalia,Sub-Saharan Africa,N/A,N/A,N/A,27.8,23.3,11.5,N/A,N/A,N/A,31.2,N/A,N/A,N/A,N/A,N/A,N/A,N/A,N/A,N/A,N/A,Somalia,15.4,$12.70,2.9,2.6878,N/A,11.4,N/A,447.0,N/A
151,South Africa,SouthAfrica,Sub-Saharan Africa,99,9,59.7,59.6,57.1,50.6,63.9,65.9,53.4,61.5,59.4,76.8,72.6,45,50,6.2,45.0,28.0,28.4,33.7,South Africa,58.6,$804.70,0.2,0.8,"$12,999.00",28.2,4.1,"4,624.4",62.2
152,Spain,Spain,Europe,39,24,69.9,76.4,65.4,70.3,61.7,48.1,69.8,66.3,57.9,83.5,84.0,85,70,3.0,45.0,25.0,34.4,41.6,Spain,47.1,"$1,923.70",2.0,2.8,"$42,214.00",14.0,0.7,"12,405.5",95.5
153,Sri Lanka,SriLanka,Asia-Pacific,131,28,55.7,45.4,46.8,39.5,85.0,88.4,30.1,75.2,59.1,71.6,47.0,40,40,19.0,24.0,28.0,11.9,19.6,Sri Lanka,21.8,$304.20,2.3,3.7,"$13,620.00",4.2,4.3,758.2,86.8
154,Sudan,Sudan,Sub-Saharan Africa,175,47,39.1,32.6,19.7,20.2,84.9,91.9,0.0,50.8,60.4,39.2,45.0,5,20,17.5,15.0,35.0,8.0,16.4,Sudan,42.8,$175.20,-2.5,0.3,"$4,123.00",16.5,51.0,825.4,200.3
155,Suriname,Suriname,Americas,169,29,46.4,45.5,15.4,38.5,70.0,68.2,7.8,45.8,61.9,73.7,60.2,40,30,12.4,38.0,36.0,16.1,32.6,Suriname,0.6,$9.40,2.3,-0.5,"$17,005.00",7.3,4.4,7.2,78.1
157,Sweden,Sweden,Europe,21,12,74.7,86.6,79.1,92.5,43.6,29.5,97.6,83.2,53.9,81.5,84.0,85,80,3.0,57.0,21.4,43.9,48.5,Sweden,10.3,$564.80,1.2,2.5,"$55,815.00",6.5,1.7,"20,568.0",34.8
158,Switzerland,Switzerland,Europe,4,1,81.9,85.4,82.2,87.9,70.4,67.6,96.9,73.6,72.5,85.4,86.0,85,90,2.0,11.5,8.5,27.9,32.8,Switzerland,8.6,$566.20,0.9,1.7,"$70,989.00",4.6,0.4,"-21,740.0",39.3
159,Syria,Syria,Middle East and North Africa,N/A,N/A,N/A,42.5,19.7,25.9,N/A,N/A,N/A,49.7,57.8,60.6,47.0,0,N/A,16.5,22.0,28.0,N/A,N/A,Syria,17.1,$67.10,4.8,-0.38,"$4,030.00",43.5,11.2,N/A,93.7
160,Taiwan ,Taiwan,Asia-Pacific,6,4,78.6,87.3,72.9,74.5,79.2,91.0,93.7,93.4,60.4,84.3,86.0,60,60,2.0,40.0,20.0,8.9,17.3,Taiwan ,23.6,"$1,339.80",2.7,2.5,"$55,527.00",3.7,0.5,"8,213.0",28.2
161,Tajikistan,Tajikistan,Asia-Pacific,134,29,55.2,41.6,48.8,35.2,91.9,68.6,75.1,62.3,46.2,68.5,69.6,25,30,7.7,13.0,15.0,20.5,32.3,Tajikistan,9.3,$34.10,7.5,7.0,"$3,520.00",11.0,7.8,212.8,44.6
162,Tanzania,Tanzania,Sub-Saharan Africa,93,8,61.3,41.3,40.2,34.5,80.7,91.8,90.8,45.7,67.7,72.9,64.4,55,50,10.3,30.0,30.0,11.5,16.6,Tanzania,58.0,$193.50,6.3,6.6,"$2,771.00",2.0,3.4,"1,112.4",38.1
163,Thailand,Thailand,Asia-Pacific,42,9,69.7,60.0,48.1,45.1,81.5,86.0,96.4,85.3,64.3,74.4,80.0,55,60,5.0,35.0,20.0,14.9,21.6,Thailand,69.6,"$1,377.50",2.4,3.4,"$19,228.00",0.8,0.7,"4,145.7",41.1
164,Timor-Leste,TimorLeste,Asia-Pacific,170,38,44.7,37.2,15.1,37.4,91.7,0.0,20.0,62.2,53.4,79.7,75.0,45,20,2.5,10.0,10.0,25.0,86.9,Timor-Leste,1.3,$2.00,3.1,1.0,"$3,253.00",4.5,0.1,74.6,3.8
165,Togo,Togo,Sub-Saharan Africa,113,18,57.5,44.5,28.2,32.2,68.0,84.8,89.9,60.6,47.1,79.7,65.4,60,30,12.3,45.0,27.0,21.0,22.5,Togo,8.1,$15.00,5.3,5.2,"$1,662.00",2.0,0.7,133.3,71.0
166,Tonga,Tonga,Asia-Pacific,115,23,57.5,48.1,23.3,44.6,84.8,53.7,95.4,70.0,69.9,66.4,73.4,40,20,5.8,20.0,25.0,22.3,39.3,Tonga,0.1,$0.60,-0.1,2.4,"$6,940.00",1.1,4.7,12.6,48.0
167,Trinidad and Tobago,TrinidadTobago,Americas,102,20,59.0,52.4,46.9,36.4,79.5,70.9,15.8,66.5,76.8,83.4,68.8,60,50,8.1,25.0,30.0,22.9,31.2,Trinidad and Tobago,1.4,$44.90,0.0,-1.4,"$27,261.00",2.7,1.0,229.9,61.5
168,Tunisia,Tunisia,Middle East and North Africa,119,10,56.6,53.9,41.9,42.0,71.7,71.1,53.0,80.7,49.7,73.6,66.8,45,30,9.1,35.0,25.0,31.2,31.0,Tunisia,11.7,$148.70,1.0,1.6,"$11,201.00",16.0,6.7,844.8,71.1
169,Turkey,Turkey,Europe,76,37,64.0,61.5,58.6,45.4,73.2,64.5,75.8,68.5,48.8,65.4,76.0,70,60,4.5,40.0,22.0,24.4,34.4,Turkey,83.4,"$2,361.80",0.9,4.1,"$27,875.00",13.5,15.2,"8,434.0",33.1
170,Turkmenistan,Turkmenistan,Asia-Pacific,167,37,47.4,27.7,20.0,22.0,92.6,93.2,96.3,30.0,20.0,72.8,74.2,10,10,2.9,10.0,20.0,15.6,15.0,Turkmenistan,5.9,$121.80,6.3,6.3,"$18,200.00",3.9,5.1,"2,165.9",29.5
171,Uganda,Uganda,Sub-Saharan Africa,106,14,58.6,44.8,36.5,25.0,73.2,91.6,63.2,44.9,83.2,78.9,67.4,55,40,11.3,40.0,30.0,13.5,16.7,Uganda,44.3,$118.70,4.9,4.9,"$2,272.00",1.8,2.9,"1,266.0",40.0
172,Ukraine,Ukraine,Europe,127,45,56.2,48.5,41.1,37.9,88.7,48.2,87.7,63.5,48.7,65.8,79.2,35,30,2.9,20.0,18.0,20.1,41.6,Ukraine,44.4,$409.80,3.2,0.3,"$13,341.00",8.9,7.9,"3,070.0",50.1
173,United Arab Emirates,UnitedArabEmirates,Middle East and North Africa,14,1,76.9,80.8,81.1,66.0,100.0,73.0,98.5,80.0,81.6,80.6,81.4,40,60,4.3,0.0,0.0,0.1,30.0,United Arab Emirates,9.8,$744.10,1.3,2.3,"$69,901.00",2.4,-1.9,"13,787.5",26.6
174,United Kingdom,UnitedKingdom,Europe,7,3,78.4,87.6,76.7,86.5,64.9,54.8,77.3,94.4,73.2,81.0,84.0,80,80,3.0,45.0,19.0,33.5,38.8,United Kingdom,66.8,"$3,162.40",1.4,1.8,"$48,710.00",3.9,1.8,"59,137.1",85.4
175,United States,UnitedStates,Americas,20,3,74.8,79.7,72.4,76.8,76.0,62.2,34.9,82.5,87.1,81.1,80.4,85,80,2.3,37.0,21.0,24.3,35.5,United States,328.2,"$21,427.70",2.3,2.4,"$65,118.00",3.7,1.8,"246,215.0",109.0
176,Uruguay,Uruguay,Americas,44,4,69.3,68.1,66.8,75.7,72.6,66.9,80.5,72.3,70.5,72.5,70.8,85,30,9.6,36.0,25.0,28.6,33.2,Uruguay,3.5,$82.80,0.2,1.3,"$22,455.00",8.7,7.9,189.2,67.4
177,Uzbekistan,Uzbekistan,Asia-Pacific,108,21,58.3,57.8,50.8,30.5,92.4,79.9,98.3,73.5,61.2,60.3,55.4,20,20,14.8,22.0,7.5,14.8,25.9,Uzbekistan,33.6,$303.30,5.6,5.8,"$7,289.00",5.9,14.5,"2,286.3",29.3
178,Vanuatu,Vanuatu,Asia-Pacific,97,18,60.5,53.3,34.1,39.5,96.8,61.7,94.9,49.4,54.5,75.5,61.6,65,40,9.2,0.0,0.0,18.0,35.7,Vanuatu,0.3,$0.90,2.9,2.8,"$3,274.00",4.4,2.1,41.0,50.7
179,Venezuela,Venezuela,Americas,177,32,24.7,7.5,15.4,15.1,71.1,61.5,0.0,33.4,27.5,0.0,54.8,0,10,12.6,34.0,34.0,24.0,35.8,Venezuela,28.5,$202.00,-35.0,-18.7,"$5,990.00",24.0,19906.0,934.0,232.8
180,Vietnam,Vietnam,Asia-Pacific,90,17,61.7,51.3,35.9,38.0,80.3,86.0,82.8,65.2,62.6,69.0,79.0,40,50,5.5,35.0,20.0,18.5,21.6,Vietnam,96.5,"$1,001.50",7.0,6.9,"$8,374.00",2.0,2.8,"16,120.0",42.9
181,Yemen,Yemen,Middle East and North Africa,N/A,N/A,N/A,16.5,19.7,17.0,N/A,95.6,48.9,46.1,57.7,54.6,67.4,N/A,N/A,6.3,15.0,20.0,12.0,12.2,Yemen,29.2,$72.10,2.1,-7.9,"$1,910.00",N/A,10.0,-371.0,56.8
182,Zambia,Zambia,Sub-Saharan Africa,159,39,50.4,37.2,26.2,30.5,71.1,78.5,5.3,66.1,45.6,71.2,68.2,55,50,8.4,37.5,35.0,16.2,26.8,Zambia,17.9,$75.90,1.5,3.2,"$3,624.00",11.4,9.8,753.2,85.7
183,Zimbabwe,Zimbabwe,Sub-Saharan Africa,174,46,39.5,32.6,32.0,21.3,63.4,89.4,58.8,41.5,44.1,0.0,56.0,25,10,12.0,51.5,24.0,20.7,18.8,Zimbabwe,14.6,$39.70,-8.3,0.5,"$2,953.00",5.0,255.3,280.0,11.0